﻿Designator,Quantity,Value,Footprint,Package,MPN,DNP,Mount_Type,Description
"C1, C2, C3, C4, C5, C6, C7, C8",8,.1µF,C_Disc_D3.0mm_W1.6mm_P2.50mm,,,,tht,"Unpolarized capacitor, small symbol"
J1,1,100mm_Dev_Board,100x100 dev board with a 64-pin header.,,,,tht,
J2,1,5V,BarrelJack_Horizontal,,,,tht,DC Barrel Jack
"RN1, RN4, RN5",3,47,DIP-16_W7.62mm_Socket,,,,tht,"8 resistor network, parallel topology"
"RN2, RN3",2,4K7,R_Array_SIP4,,,,tht,"3 resistor network, star topology, bussed resistors, small symbol"
RS1,1,DS1813,TO-92_HandSolder,,,,tht,5V EconoReset with Pushbutton
SW1,1,RESET,SW_Tactile_SPST_Angled_PTS645Vx39-2LFS,,,,tht,"Push button switch, generic, two pins"
"U1, U4, U5",3,74AHCT541,DIP-20_W7.62mm_Socket,,,,tht,8-bit Buffer/Line Driver 3-state outputs
U2,1,74AHCT245,DIP-20_W7.62mm_Socket,,,,tht,"Octal BUS Transceivers, 3-State outputs"
U3,1,HD63C09,DIP-40_W15.24mm_Socket,,,,tht,"8-Bit Microprocessing unit 3.0MHz, DIP-40"
U6,1,ATF750C,DIP-24_W7.62mm_Socket,,,,tht,"High-performance EE CPLD, 12 inputs, 10 I/O"
Y1,1,14.31818 MHz,Oscillator_DIP-8,,,,tht,"Crystal Clock Oscillator, DIP8-style metal package"
Y2,1,20 MHz,Oscillator_DIP-8,,,,tht,"Crystal Clock Oscillator, DIP8-style metal package"
