﻿pos_x,pos_y,rotation,side,designator,mpn,pack,footprint,value,mount_type
38.9128,-4.8758,180.0,top,C1,,,C_Disc_D3.0mm_W1.6mm_P2.50mm,.1µF,tht
55.4028,-15.0358,180.0,top,C2,,,C_Disc_D3.0mm_W1.6mm_P2.50mm,.1µF,tht
38.9128,-35.3558,180.0,top,C3,,,C_Disc_D3.0mm_W1.6mm_P2.50mm,.1µF,tht
55.4028,-50.5958,180.0,top,C4,,,C_Disc_D3.0mm_W1.6mm_P2.50mm,.1µF,tht
38.9128,-65.8358,180.0,top,C5,,,C_Disc_D3.0mm_W1.6mm_P2.50mm,.1µF,tht
71.8928,-20.7408,180.0,top,C6,,,C_Disc_D3.0mm_W1.6mm_P2.50mm,.1µF,tht
79.5328,-40.4358,180.0,top,C7,,,C_Disc_D3.0mm_W1.6mm_P2.50mm,.1µF,tht
87.1328,-20.7508,180.0,top,C8,,,C_Disc_D3.0mm_W1.6mm_P2.50mm,.1µF,tht
0.0,-0.0,0.0,top,J1,,,100x100 dev board with a 64-pin header.,100mm_Dev_Board,tht
86.5378,-14.0508,-90.0,top,J2,,,BarrelJack_Horizontal,5V,tht
17.3228,-41.0708,0.0,top,RN1,,,DIP-16_W7.62mm_Socket,47,tht
89.7128,-58.8508,90.0,top,RN2,,,R_Array_SIP4,4K7,tht
66.8528,-53.7708,90.0,top,RN3,,,R_Array_SIP4,4K7,tht
17.3228,-71.5508,0.0,top,RN4,,,DIP-16_W7.62mm_Socket,47,tht
17.3228,-10.5908,0.0,top,RN5,,,DIP-16_W7.62mm_Socket,47,tht
69.3928,-11.1108,0.0,top,RS1,,,TO-92_HandSolder,DS1813,tht
51.898,-2.717,0.0,top,SW1,,,SW_Tactile_SPST_Angled_PTS645Vx39-2LFS,RESET,tht
33.8528,-38.5308,0.0,top,U1,,,DIP-20_W7.62mm_Socket,74AHCT541,tht
50.3428,-18.2108,0.0,top,U2,,,DIP-20_W7.62mm_Socket,74AHCT245,tht
70.6628,-43.6108,0.0,top,U3,,,DIP-40_W15.24mm_Socket,HD63C09,tht
33.8528,-69.0108,0.0,top,U4,,,DIP-20_W7.62mm_Socket,74AHCT541,tht
33.8528,-8.0508,0.0,top,U5,,,DIP-20_W7.62mm_Socket,74AHCT541,tht
50.3428,-53.7708,0.0,top,U6,,,DIP-24_W7.62mm_Socket,ATF750C,tht
66.8328,-25.8208,-90.0,top,Y1,,,Oscillator_DIP-8,14.31818 MHz,tht
82.0528,-25.8308,-90.0,top,Y2,,,Oscillator_DIP-8,20 MHz,tht
